node_label,x,y,z,ux,uy,uz,umag,scale_factor,scaled_x,scaled_y,scaled_z
1,39.29999923706055,0.0,0.0,0.0,0.0,0.0,0.0,2.9739358000160663,39.29999923706055,0.0,0.0
2,36.308467864990234,0.0,15.039459228515625,0.0,0.0,0.0,0.0,2.9739358000160663,36.308467864990234,0.0,15.039459228515625
3,27.789297103881836,0.0,27.789297103881836,0.0,0.0,0.0,0.0,2.9739358000160663,27.789297103881836,0.0,27.789297103881836
4,15.039459228515625,0.0,36.308467864990234,0.0,0.0,0.0,0.0,2.9739358000160663,15.039459228515625,0.0,36.308467864990234
5,0.0,0.0,39.29999923706055,0.0,0.0,0.0,0.0,2.9739358000160663,0.0,0.0,39.29999923706055
6,-15.039459228515625,0.0,36.308467864990234,0.0,0.0,0.0,0.0,2.9739358000160663,-15.039459228515625,0.0,36.308467864990234
7,-27.789297103881836,0.0,27.789297103881836,0.0,0.0,0.0,0.0,2.9739358000160663,-27.789297103881836,0.0,27.789297103881836
8,-36.308467864990234,0.0,15.039459228515625,0.0,0.0,0.0,0.0,2.9739358000160663,-36.308467864990234,0.0,15.039459228515625
9,-39.29999923706055,0.0,0.0,0.0,0.0,0.0,0.0,2.9739358000160663,-39.29999923706055,0.0,0.0
10,-36.308467864990234,0.0,-15.039459228515625,0.0,0.0,0.0,0.0,2.9739358000160663,-36.308467864990234,0.0,-15.039459228515625
11,-27.789297103881836,0.0,-27.789297103881836,0.0,0.0,0.0,0.0,2.9739358000160663,-27.789297103881836,0.0,-27.789297103881836
12,-15.039459228515625,0.0,-36.308467864990234,0.0,0.0,0.0,0.0,2.9739358000160663,-15.039459228515625,0.0,-36.308467864990234
13,-0.0,0.0,-39.29999923706055,0.0,0.0,0.0,0.0,2.9739358000160663,0.0,0.0,-39.29999923706055
14,15.039459228515625,0.0,-36.308467864990234,0.0,0.0,0.0,0.0,2.9739358000160663,15.039459228515625,0.0,-36.308467864990234
15,27.789297103881836,0.0,-27.789297103881836,0.0,0.0,0.0,0.0,2.9739358000160663,27.789297103881836,0.0,-27.789297103881836
16,36.308467864990234,0.0,-15.039459228515625,0.0,0.0,0.0,0.0,2.9739358000160663,36.308467864990234,0.0,-15.039459228515625
17,34.939998626708984,1.723741054534912,0.0,-1.6045253667384962e-11,-5.864795454835203e-11,-0.029198504984378815,0.029198504984378815,2.9739358000160663,34.939998626661264,1.723741054360497,-0.0868344792799917
18,32.28034973144531,1.723741054534912,13.370959281921387,0.13193826377391815,0.18908476829528809,0.08360440284013748,0.24525588750839233,2.9739358000160663,32.67272565747453,2.286067016206012,13.619593408566637
19,24.706310272216797,1.723741054534912,24.706310272216797,-0.18933376669883728,-0.35192620754241943,-0.21742315590381622,0.45494192838668823,2.9739358000160663,24.143243805279234,0.6771351069606268,24.059707765121964
20,13.370959281921387,1.723741054534912,32.28034973144531,0.13715925812721252,0.464439332485199,0.35687169432640076,0.601559579372406,2.9739358000160663,13.778862109969548,3.10495381234821,33.34166323921499
21,0.0,1.723741054534912,34.939998626708984,-0.00133515486959368,-0.5054787993431091,-0.4208014905452728,0.6577115654945374,2.9739358000160663,-0.003970664865250427,0.2204795570193021,33.688562009276275
22,-13.370959281921387,1.723741054534912,32.28034973144531,-0.1398608386516571,0.46496325731277466,0.36814644932746887,0.6093305349349976,2.9739358000160663,-13.78689643700782,3.1065119311494547,33.375193636749074
23,-24.706310272216797,1.723741054534912,24.706310272216797,0.20058505237102509,-0.3518926799297333,-0.22853253781795502,0.46506983041763306,2.9739358000160663,-24.10978320402251,0.6772348159282833,24.026669176531456
24,-32.28034973144531,1.723741054534912,13.370959281921387,-0.14267459511756897,0.188411146402359,0.08608558028936386,0.2515263855457306,2.9739358000160663,-32.70465481761825,2.284063707942956,13.626972271009084
25,-34.939998626708984,1.723741054534912,0.0,7.383801903237952e-11,-1.2497478052431177e-10,-0.02673235908150673,0.02673235908150673,2.9739358000160663,-34.9399986264894,1.7237410541632452,-0.07950031969137747
26,-32.28034973144531,1.723741054534912,-13.370959281921387,0.14267459511756897,-0.188411146402359,0.08608558028936386,0.2515263855457306,2.9739358000160663,-31.856044645272377,1.1634184011268682,-13.11494629283369
27,-24.706310272216797,1.723741054534912,-24.706310272216797,-0.20058505237102509,0.3518926799297333,-0.22853253781795502,0.46506983041763306,2.9739358000160663,-25.302837340411084,2.7702472931415407,-25.385951367902138
28,-13.370959281921387,1.723741054534912,-32.28034973144531,0.1398608386516571,-0.46496325731277466,0.36814644932746887,0.6093305349349976,2.9739358000160663,-12.955022126834953,0.34097017792036954,-31.18550582614155
29,-0.0,1.723741054534912,-34.939998626708984,0.00133515486959368,0.5054787993431091,-0.4208014905452728,0.6577115654945374,2.9739358000160663,0.003970664865250427,3.2270025520505223,-36.191435244141694
30,13.370959281921387,1.723741054534912,-32.28034973144531,-0.13715925812721252,-0.464439332485199,0.35687169432640076,0.601559579372406,2.9739358000160663,12.963056453873225,0.3425282967216141,-31.219036223675637
31,24.706310272216797,1.723741054534912,-24.706310272216797,0.18933376669883728,0.35192620754241943,-0.21742315590381622,0.45494192838668823,2.9739358000160663,25.26937673915436,2.7703470021091974,-25.35291277931163
32,32.28034973144531,1.723741054534912,-13.370959281921387,-0.13193826377391815,-0.18908476829528809,0.08360440284013748,0.24525588750839233,2.9739358000160663,31.887973805416095,1.161415092863812,-13.122325155276137
33,30.729999542236328,4.3741068840026855,0.0,1.1905351704477596e-10,1.5561070487724038e-10,0.04143225774168968,0.04143225774168968,2.9739358000160663,30.729999542590384,4.374106884465462,0.12321687457350376
34,28.390817642211914,4.3741068840026855,11.759861946105957,0.22977587580680847,0.33492881059646606,0.05346560478210449,0.4096740484237671,2.9739358000160663,29.074156345253826,5.370163664292316,11.918865222236967
35,21.72939109802246,4.3741068840026855,21.72939109802246,-0.3366215229034424,-0.6380708813667297,-0.29390740394592285,0.7789929509162903,2.9739358000160663,20.728300300003987,2.476525046958364,20.855329347537896
36,11.759861946105957,4.3741068840026855,28.390817642211914,0.251764178276062,0.8739718794822693,0.5620395541191101,1.0691587924957275,2.9739358000160663,12.508592449042766,6.973243144602334,30.062287193231803
37,0.0,4.3741068840026855,30.729999542236328,-0.0019603304099291563,-1.0,-0.7114483118057251,1.2272580862045288,2.9739358000160663,-0.005829896785948489,1.4001710839866193,28.61419793789629
38,-11.759861946105957,4.3741068840026855,28.390817642211914,-0.28179219365119934,0.9740995168685913,0.6416771411895752,1.200010895729065,2.9739358000160663,-12.597893838970318,7.2710163099965435,30.299124264447556
39,-21.72939109802246,4.3741068840026855,21.72939109802246,0.42047980427742004,-0.7768881320953369,-0.3776981234550476,0.9607363343238831,2.9739358000160663,-20.478911154898093,2.0636914553567522,20.60614112708061
40,-28.390817642211914,4.3741068840026855,11.759861946105957,-0.30705127120018005,0.43098872900009155,0.08254425972700119,0.5355794429779053,2.9739358000160663,-29.30396841007457,5.65583969457948,12.00534327519391
41,-30.729999542236328,4.3741068840026855,0.0,5.438192604567682e-11,-8.477119006755629e-11,0.045206502079963684,0.045206502079963684,2.9739358000160663,-30.7299995420746,4.374106883750581,0.13444123492910476
42,-28.390817642211914,4.3741068840026855,-11.759861946105957,0.30705127120018005,-0.43098872900009155,0.08254425972700119,0.5355794429779053,2.9739358000160663,-27.477666874349257,3.0923740734258907,-11.514380617018004
43,-21.72939109802246,4.3741068840026855,-21.72939109802246,-0.42047980427742004,0.7768881320953369,-0.3776981234550476,0.9607363343238831,2.9739358000160663,-22.97987104114683,6.684522312648619,-22.852641068964314
44,-11.759861946105957,4.3741068840026855,-28.390817642211914,0.28179219365119934,-0.9740995168685913,0.6416771411895752,1.200010895729065,2.9739358000160663,-10.921830053241596,1.4771974580088276,-26.482511019976272
45,-0.0,4.3741068840026855,-30.729999542236328,0.0019603304099291563,1.0,-0.7114483118057251,1.2272580862045288,2.9739358000160663,0.005829896785948489,7.348042684018752,-32.84580114657636
46,11.759861946105957,4.3741068840026855,-28.390817642211914,-0.251764178276062,-0.8739718794822693,0.5620395541191101,1.0691587924957275,2.9739358000160663,11.011131443169148,1.7749706234030378,-26.719348091192025
47,21.72939109802246,4.3741068840026855,-21.72939109802246,0.3366215229034424,0.6380708813667297,-0.29390740394592285,0.7789929509162903,2.9739358000160663,22.730481896040935,6.271688721047007,-22.603452848507025
48,28.390817642211914,4.3741068840026855,-11.759861946105957,-0.22977587580680847,-0.33492881059646606,0.05346560478210449,0.4096740484237671,2.9739358000160663,27.707478939170002,3.3780501037130546,-11.600858669974947
49,27.010000228881836,7.21925687789917,0.0,8.798606287996336e-11,1.5727721902614178e-10,0.009070091880857944,0.009070091880857944,2.9739358000160663,27.0100002291435,7.219256878366902,0.026973870953918497
50,24.9539852142334,7.21925687789917,10.33627986907959,0.14612163603305817,0.20221753418445587,0.050441429018974304,0.2545344829559326,2.9739358000160663,25.388541578789027,7.820638842201296,10.486289440643088
51,19.098953247070312,7.21925687789917,19.098953247070312,-0.2200261354446411,-0.3933095932006836,-0.20651526749134064,0.495734304189682,2.9739358000160663,18.44460964593231,6.049579398189901,18.48479009982792
52,10.33627986907959,7.21925687789917,24.9539852142334,0.17233291268348694,0.5560677647590637,0.39341387152671814,0.7026268243789673,2.9739358000160663,10.848786887630055,8.872966710751061,26.123972810989628
53,0.0,7.21925687789917,27.010000228881836,-0.0053687673062086105,-0.663334846496582,-0.5169825553894043,0.8410189747810364,2.9739358000160663,-0.015966369293889605,5.246541630504822,25.472527299425497
54,-10.33627986907959,7.21925687789917,24.9539852142334,-0.20505787432193756,0.6768138408660889,0.4921553432941437,0.8615930676460266,2.9739358000160663,-10.946108822600795,9.232057789197208,26.41762360882505
55,-19.098953247070312,7.21925687789917,19.098953247070312,0.32312560081481934,-0.5622891187667847,-0.3095219135284424,0.718597948551178,2.9739358000160663,-18.13799845490542,5.547045137639143,18.1784549475386
56,-24.9539852142334,7.21925687789917,10.33627986907959,-0.2436104565858841,0.32041794061660767,0.08260630071163177,0.4108984172344208,2.9739358000160663,-25.67846707233242,8.172159262466321,10.581945704072805
57,-27.010000228881836,7.21925687789917,0.0,1.3759443237559843e-11,-2.4580528584783323e-11,0.01975540816783905,0.01975540816783905,2.9739358000160663,-27.010000228840916,7.219256877826069,0.05875131559426636
58,-24.9539852142334,7.21925687789917,-10.33627986907959,0.2436104565858841,-0.32041794061660767,0.08260630071163177,0.4108984172344208,2.9739358000160663,-24.229503356134376,6.2663544933320185,-10.090614034086375
59,-19.098953247070312,7.21925687789917,-19.098953247070312,-0.32312560081481934,0.5622891187667847,-0.3095219135284424,0.718597948551178,2.9739358000160663,-20.059908039235204,8.891468618159196,-20.019451546602024
60,-10.33627986907959,7.21925687789917,-24.9539852142334,0.20505787432193756,-0.6768138408660889,0.4921553432941437,0.8615930676460266,2.9739358000160663,-9.726450915558384,5.206455966601132,-23.490346819641747
61,-0.0,7.21925687789917,-27.010000228881836,0.0053687673062086105,0.663334846496582,-0.5169825553894043,0.8410189747810364,2.9739358000160663,0.015966369293889605,9.191972125293518,-28.547473158338175
62,10.33627986907959,7.21925687789917,-24.9539852142334,-0.17233291268348694,-0.5560677647590637,0.39341387152671814,0.7026268243789673,2.9739358000160663,9.823772850529124,5.565547045047278,-23.78399761747717
63,19.098953247070312,7.21925687789917,-19.098953247070312,0.2200261354446411,0.3933095932006836,-0.20651526749134064,0.495734304189682,2.9739358000160663,19.753296848208315,8.388934357608438,-19.713116394312706
64,24.9539852142334,7.21925687789917,-10.33627986907959,-0.14612163603305817,-0.20221753418445587,0.050441429018974304,0.2545344829559326,2.9739358000160663,24.51942884967777,6.617874913597044,-10.186270297516092
65,23.770000457763672,10.869885444641113,0.0,-8.09045191951796e-11,2.7216741013691426e-11,-0.0031241141259670258,0.0031241141259670258,2.9739358000160663,23.770000457523068,10.869885444722055,-0.009290914842549241
66,21.960615158081055,10.869885444641113,9.09638500213623,-0.014845428988337517,0.009653354994952679,-0.003077385015785694,0.017973434180021286,2.9739358000160663,21.916465805346043,10.898593902650868,9.087233056667353
67,16.80792808532715,10.869885444641113,16.80792808532715,0.02191660739481449,-0.02023116499185562,0.018993927165865898,0.035361092537641525,2.9739358000160663,16.873106668673483,10.809719258795802,16.864414805308616
68,9.09638500213623,10.869885444641113,21.960615158081055,-0.0161746833473444,0.03225225210189819,-0.037060655653476715,0.05172349885106087,2.9739358000160663,9.048282532275639,10.965801571798092,21.85039914746111
69,0.0,10.869885444641113,23.770000457763672,-0.0009957596193999052,-0.0455571785569191,0.04504041373729706,0.06407095491886139,2.9739358000160663,-0.0029613251803437507,10.734401320382966,23.903947756624554
70,-9.09638500213623,10.869885444641113,21.960615158081055,0.017073791474103928,0.05588534101843834,-0.03529854863882065,0.06826912611722946,2.9739358000160663,-9.045608642429384,11.036084860991954,21.855639540595458
71,-16.80792808532715,10.869885444641113,16.80792808532715,-0.01967923529446125,-0.0540335476398468,0.016529850661754608,0.059834208339452744,2.9739358000160663,-16.866452867686288,10.709193142913099,16.85708679997906
72,-21.960615158081055,10.869885444641113,9.09638500213623,0.011082991026341915,0.03382549434900284,-0.0030944589525461197,0.03572915494441986,2.9739358000160663,-21.927655054296558,10.970480293238854,9.087182279875574
73,-23.770000457763672,10.869885444641113,0.0,3.7628657134636256e-11,-8.691448602493601e-12,-0.0009074575500562787,0.0009074575500562787,2.9739358000160663,-23.770000457651765,10.869885444615266,-0.0026987204951072386
74,-21.960615158081055,10.869885444641113,-9.09638500213623,-0.01108299195766449,-0.03382549434900284,-0.0030944589525461197,0.03572915494441986,2.9739358000160663,-21.993575264635243,10.769290596043373,-9.105587724396887
75,-16.80792808532715,10.869885444641113,-16.80792808532715,0.01967923529446125,0.0540335476398468,0.016529850661754608,0.059834208339452744,2.9739358000160663,-16.74940330296801,11.030577746369127,-16.758769370675235
76,-9.09638500213623,10.869885444641113,-21.960615158081055,-0.017073791474103928,-0.05588534101843834,-0.03529854863882065,0.06826912611722946,2.9739358000160663,-9.147161361843077,10.703686028290273,-22.06559077556665
77,-0.0,10.869885444641113,-23.770000457763672,0.0009957596193999052,0.0455571785569191,0.04504041001200676,0.06407094746828079,2.9739358000160663,0.0029613251803437507,11.00536956889926,-23.63605316998156
78,9.09638500213623,10.869885444641113,-21.960615158081055,0.0161746833473444,-0.03225225210189819,-0.037060655653476715,0.05172349885106087,2.9739358000160663,9.144487471996822,10.773969317484134,-22.070831168700998
79,16.80792808532715,10.869885444641113,-16.80792808532715,-0.02191660925745964,0.02023116499185562,0.018993927165865898,0.035361096262931824,2.9739358000160663,16.742749496441427,10.930051630486425,-16.75144136534568
80,21.960615158081055,10.869885444641113,-9.09638500213623,0.014845428988337517,-0.009653354994952679,-0.0030773852486163378,0.017973434180021286,2.9739358000160663,22.004764510816067,10.841176986631359,-9.105536948297532
81,21.420000076293945,15.464862823486328,0.0,-1.3139046795007658e-10,-1.1099379472164286e-13,-0.009223338216543198,0.009223338216543198,2.9739358000160663,21.4200000759032,15.464862823485998,-0.02742961571783415
82,19.789499282836914,15.464862823486328,8.197078704833984,-0.031433191150426865,-0.022291887551546097,-0.003025961574167013,0.03865398094058037,2.9739358000160663,19.69601899036591,15.398568181046853,8.188079689379096
83,15.14622688293457,15.464862823486328,15.14622688293457,0.053533270955085754,0.04509974643588066,0.04053938761353493,0.08089029788970947,2.9739358000160663,15.30543139391986,15.598986573983641,15.26678841906919
84,8.197078704833984,15.464862823486328,19.789499282836914,-0.05035219341516495,-0.06735944002866745,-0.0997476577758789,0.13046927750110626,2.9739358000160663,8.047334514227293,15.264540173316039,19.492856152409477
85,0.0,15.464862823486328,21.420000076293945,0.005131760612130165,0.08396356552839279,0.1565406322479248,0.17771096527576447,2.9739358000160663,0.01526152660152626,15.71456507690821,21.8855418666932
86,-8.197078704833984,15.464862823486328,19.789499282836914,0.07040311396121979,-0.08728507906198502,-0.16656166315078735,0.20079360902309418,2.9739358000160663,-7.987704363792102,15.205282602056657,19.29415558988257
87,-15.14622688293457,15.464862823486328,15.14622688293457,-0.12168869376182556,0.07260710000991821,0.10826248675584793,0.17832748591899872,2.9739358000160663,-15.508121245770056,15.68079167754117,15.468192568096551
88,-19.789499282836914,15.464862823486328,8.197078704833984,0.095490463078022,-0.04126989468932152,-0.021974345669150352,0.10632264614105225,2.9739358000160663,-19.50551677612907,15.342128806206862,8.13172841156657
89,-21.420000076293945,15.464862823486328,0.0,2.0386510188319384e-11,-4.909066859612454e-14,-0.018799681216478348,0.018799681216478348,2.9739358000160663,-21.42000007623332,15.464862823486182,-0.05590904499857455
90,-19.789499282836914,15.464862823486328,-8.197078704833984,-0.095490463078022,0.04126989468932152,-0.021974345669150352,0.10632264614105225,2.9739358000160663,-20.073481789544758,15.587596840765794,-8.262428998101399
91,-15.14622688293457,15.464862823486328,-15.14622688293457,0.12168869376182556,-0.07260710000991821,0.10826248675584793,0.17832748591899872,2.9739358000160663,-14.784332520099085,15.248933969431485,-14.82426119777259
92,-8.197078704833984,15.464862823486328,-19.789499282836914,-0.07040311396121979,0.08728507906198502,-0.16656166315078735,0.20079360902309418,2.9739358000160663,-8.406453045875868,15.724443044915999,-20.284842975791257
93,-0.0,15.464862823486328,-21.420000076293945,-0.005131760612130165,-0.08396356552839279,0.1565406322479248,0.17771096527576447,2.9739358000160663,-0.01526152660152626,15.215160570064446,-20.95445828589469
94,8.197078704833984,15.464862823486328,-19.789499282836914,0.05035219341516495,0.06735944002866745,-0.0997476577758789,0.13046927750110626,2.9739358000160663,8.346822895440676,15.665185473656617,-20.08614241326435
95,15.14622688293457,15.464862823486328,-15.14622688293457,-0.053533270955085754,-0.04509974643588066,0.04053938761353493,0.08089029788970947,2.9739358000160663,14.98702237194928,15.330739072989015,-15.02566534679995
96,19.789499282836914,15.464862823486328,-8.197078704833984,0.031433191150426865,0.022291887551546097,-0.003025961574167013,0.03865398094058037,2.9739358000160663,19.882979575307917,15.531157465925803,-8.206077720288873
97,20.149999618530273,19.820833206176758,0.0,-1.8576670757219915e-10,4.62369378895211e-12,0.009122581221163273,0.009122581221163273,2.9739358000160663,20.149999617977816,19.820833206190507,0.02712997088217174
98,18.616172790527344,19.820833206176758,7.711071014404297,0.024554062634706497,0.00010463257785886526,0.0011826623231172562,0.024582749232649803,2.9739358000160663,18.689194996432533,19.8211443767459,7.7145881762263455
99,14.248202323913574,19.820833206176758,14.248202323913574,-0.030636349692940712,0.0019499127520248294,-0.022575121372938156,0.03810543566942215,2.9739358000160663,14.157091786779926,19.826632121516912,14.181065362272886
100,7.711071014404297,19.820833206176758,18.616172790527344,0.014261026866734028,-0.008031761273741722,0.03073015995323658,0.03481707721948624,2.9739358000160663,7.753482392748269,19.796947263787594,18.707562313352494
101,0.0,19.820833206176758,20.149999618530273,0.003125489689409733,0.01707458309829235,-0.008699176833033562,0.019416121765971184,2.9739358000160663,0.0092950056799167,19.87161192012312,20.124128825115843
102,-7.711071014404297,19.820833206176758,18.616172790527344,0.004343098495155573,-0.02425570599734783,-0.02527373842895031,0.03529820963740349,2.9739358000160663,-7.698154918306558,19.74869829375658,18.541010315013246
103,-14.248202323913574,19.820833206176758,14.248202323913574,-0.027090201154351234,0.024278003722429276,0.03476480767130852,0.0503179095685482,2.9739358000160663,-14.328766842956137,19.893034430599812,14.351590630027951
104,-18.616172790527344,19.820833206176758,7.711071014404297,0.028972240164875984,-0.015252681449055672,-0.016372354701161385,0.036607224494218826,2.9739358000160663,-18.530011208294354,19.77547271076917,7.662380682627951
105,-20.149999618530273,19.820833206176758,0.0,-4.919273755704667e-12,9.992081814735876e-12,0.00337896472774446,0.00337896472774446,2.9739358000160663,-20.149999618544904,19.820833206206473,0.01004882417083079
106,-18.616172790527344,19.820833206176758,-7.711071014404297,-0.028972240164875984,0.015252681449055672,-0.016372354701161385,0.036607224494218826,2.9739358000160663,-18.702334372760333,19.866193701584347,-7.7597613461806425
107,-14.248202323913574,19.820833206176758,-14.248202323913574,0.027090201154351234,-0.024278003722429276,0.03476480767130852,0.0503179095685482,2.9739358000160663,-14.167637804871012,19.748631981753704,-14.144814017799197
108,-7.711071014404297,19.820833206176758,-18.616172790527344,-0.004343098495155573,0.02425570599734783,-0.02527373842895031,0.03529820963740349,2.9739358000160663,-7.723987110502036,19.892968118596936,-18.691335266041442
109,-0.0,19.820833206176758,-20.149999618530273,-0.003125489689409733,-0.0170745812356472,-0.008699176833033562,0.019416119903326035,2.9739358000160663,-0.0092950056799167,19.770054497769785,-20.175870411944704
110,7.711071014404297,19.820833206176758,-18.616172790527344,-0.014261026866734028,0.008031761273741722,0.03073015995323658,0.03481707721948624,2.9739358000160663,7.668659636060325,19.844719148565922,-18.524783267702194
111,14.248202323913574,19.820833206176758,-14.248202323913574,0.030636349692940712,-0.0019499127520248294,-0.022575121372938156,0.03810543566942215,2.9739358000160663,14.339312861047222,19.815034290836604,-14.315339285554263
112,18.616172790527344,19.820833206176758,-7.711071014404297,-0.024554062634706497,-0.00010463251965120435,0.0011826623231172562,0.024582749232649803,2.9739358000160663,18.543150584622154,19.820522035780723,-7.707553852582248
113,20.219999313354492,23.85711669921875,0.0,-5.205202935343323e-11,7.795357241657808e-12,-0.004258134867995977,0.004258134867995977,2.9739358000160663,20.219999313199693,23.85711669924193,-0.012663419725229923
114,18.680843353271484,23.85711669921875,7.737858772277832,0.005658437963575125,0.004984264262020588,0.006388727109879255,0.009883149527013302,2.9739358000160663,18.69767118450353,23.871939581144314,7.756858436546435
115,14.297698974609375,23.85711669921875,14.297698974609375,-0.012033701874315739,-0.0077157169580459595,-0.015361957252025604,0.020984089002013206,2.9739358000160663,14.261911517798627,23.834170652334425,14.25201349997926
116,7.737858772277832,23.85711669921875,18.680843353271484,0.012377188540995121,0.005832369439303875,0.03204331919550896,0.034842297434806824,2.9739358000160663,7.774667736383446,23.874461791493214,18.77613812737835
117,0.0,23.85711669921875,20.219999313354492,-0.00021374726202338934,0.0005150556098669767,-0.04514683410525322,0.0451502799987793,2.9739358000160663,-0.0006356706346867721,23.858648441535934,20.085735527151492
118,-7.737858772277832,23.85711669921875,18.680843353271484,-0.01613905467092991,-0.007519598584622145,0.04191383346915245,0.045538805425167084,2.9739358000160663,-7.785855284742127,23.834753895786193,18.805492403141308
119,-14.297698974609375,23.85711669921875,14.297698974609375,0.022724181413650513,0.01052760798484087,-0.026072528213262558,0.036152396351099014,2.9739358000160663,-14.23011871797726,23.888425129493402,14.220160949559025
120,-18.680843353271484,23.85711669921875,7.737858772277832,-0.015850413590669632,-0.007468561176210642,0.010269636288285255,0.02030961401760578,2.9739358000160663,-18.727981465693837,23.834905677762208,7.7684000112887075
121,-20.219999313354492,23.85711669921875,0.0,-3.355786828973528e-11,8.291454328679393e-12,-0.0037733351346105337,0.0037733351346105337,2.9739358000160663,-20.21999931345429,23.85711669924341,-0.011221656442276708
122,-18.680843353271484,23.85711669921875,-7.737858772277832,0.01585041545331478,0.007468561176210642,0.010269636288285255,0.02030961588025093,2.9739358000160663,-18.633705235309744,23.879327720675292,-7.707317533266957
123,-14.297698974609375,23.85711669921875,-14.297698974609375,-0.022724181413650513,-0.01052760798484087,-0.026072528213262558,0.036152396351099014,2.9739358000160663,-14.36527923124149,23.825808268944098,-14.375236999659725
124,-7.737858772277832,23.85711669921875,-18.680843353271484,0.01613905467092991,0.007519598584622145,0.04191383346915245,0.045538805425167084,2.9739358000160663,-7.689862259813537,23.879479502651307,-18.55619430340166
125,-0.0,23.85711669921875,-20.219999313354492,0.0002137472474714741,-0.0005150555516593158,-0.04514683410525322,0.0451502799987793,2.9739358000160663,0.0006356705914103104,23.855584957074672,-20.354263099557492
126,7.737858772277832,23.85711669921875,-18.680843353271484,-0.012377188540995121,-0.005832369439303875,0.03204331919550896,0.034842297434806824,2.9739358000160663,7.701049808172218,23.839771606944286,-18.58554857916462
127,14.297698974609375,23.85711669921875,-14.297698974609375,0.012033701874315739,0.0077157169580459595,-0.015361958183348179,0.020984090864658356,2.9739358000160663,14.333486431420123,23.880062746103075,-14.343384452009184
128,18.680843353271484,23.85711669921875,-7.737858772277832,-0.005658438429236412,-0.004984264262020588,0.006388727109879255,0.009883149527013302,2.9739358000160663,18.66401552065459,23.842293817293186,-7.718859108009229
129,21.579999923706055,29.425954818725586,0.0,-1.1557070578316342e-10,2.8085265016408734e-11,0.0020213916432112455,0.0020213916432112455,2.9739358000160663,21.579999923362355,29.42595481880911,0.006011488973599226
130,19.937320709228516,29.425954818725586,8.258308410644531,-0.02198256552219391,0.009227522648870945,-0.011486686766147614,0.026463640853762627,2.9739358000160663,19.871945970645864,29.45339687867652,8.224147741647114
131,15.259364128112793,29.425954818725586,15.259364128112793,0.026203462854027748,-0.01602858304977417,0.030542045831680298,0.04331689700484276,2.9739358000160663,15.337291544378777,29.378286841770333,15.350194211617358
132,8.258308410644531,29.425954818725586,19.937320709228516,-0.009691964834928513,0.01591847836971283,-0.034524545073509216,0.03923361375927925,2.9739358000160663,8.22948512944944,29.473295351431055,19.83464692865514
133,0.0,29.425954818725586,21.579999923706055,-0.00400116853415966,-0.0069417464546859264,0.010179359465837479,0.012954402714967728,2.9739358000160663,-0.011899218345635221,29.40531051042936,21.61027268524274
134,-8.258308410644531,29.425954818725586,19.937320709228516,-0.006958493497222662,-0.005801750347018242,0.019857577979564667,0.021826688200235367,2.9739358000160663,-8.279002523570101,29.408700785665832,19.996375871283554
135,-15.259364128112793,29.425954818725586,15.259364128112793,0.02890782058238983,0.013413041830062866,-0.024137070402503014,0.039977118372917175,2.9739358000160663,-15.173394125582382,29.465844344011124,15.187582030335282
136,-19.937320709228516,29.425954818725586,8.258308410644531,-0.029284263029694557,-0.010697207413613796,0.003886515973135829,0.031418200582265854,2.9739358000160663,-20.024410227429613,29.394142010638042,8.269866659634374
137,-21.579999923706055,29.425954818725586,0.0,1.669792637493117e-10,6.761236015506711e-11,0.009391251020133495,0.009391251020133495,2.9739358000160663,-21.57999992320947,29.425954818926662,0.027928977615712405
138,-19.937320709228516,29.425954818725586,-8.258308410644531,0.029284263029694557,0.010697207413613796,0.003886515973135829,0.031418200582265854,2.9739358000160663,-19.85023119102742,29.45776762681313,-8.246750161654688
139,-15.259364128112793,29.425954818725586,-15.259364128112793,-0.02890782058238983,-0.013413041830062866,-0.024137070402503014,0.039977118372917175,2.9739358000160663,-15.345334130643204,29.386065293440048,-15.331146225890304
140,-8.258308410644531,29.425954818725586,-19.937320709228516,0.006958493497222662,0.005801750347018242,0.019857577979564667,0.021826688200235367,2.9739358000160663,-8.237614297718961,29.44320885178534,-19.878265547173477
141,-0.0,29.425954818725586,-21.579999923706055,0.00400116853415966,0.0069417464546859264,0.010179359465837479,0.012954402714967728,2.9739358000160663,0.011899218345635221,29.446599127021813,-21.54972716216937
142,8.258308410644531,29.425954818725586,-19.937320709228516,0.009691964834928513,-0.01591847836971283,-0.034524545073509216,0.03923361375927925,2.9739358000160663,8.287131691839623,29.378614286020117,-20.03999448980189
143,15.259364128112793,29.425954818725586,-15.259364128112793,-0.026203462854027748,0.01602858304977417,0.03054204396903515,0.04331689327955246,2.9739358000160663,15.181436711846809,29.47362279568084,-15.168534050147615
144,19.937320709228516,29.425954818725586,-8.258308410644531,0.02198256552219391,-0.009227522648870945,-0.011486686766147614,0.026463640853762627,2.9739358000160663,20.002695447811167,29.39851275877465,-8.292469079641949
145,24.079999923706055,33.57313537597656,0.0,-1.153758547034478e-10,1.4749710133821203e-11,-0.0053626117296516895,0.0053626117296516895,2.9739358000160663,24.079999923362934,33.573135376020424,-0.015948063004397238
146,22.247018814086914,33.57313537597656,9.215017318725586,-0.004556696861982346,-0.0028978984337300062,0.003994875121861696,0.006717166863381863,2.9739358000160663,22.233467490159242,33.564517212079686,9.226897820867084
147,17.027130126953125,33.57313537597656,17.027130126953125,0.00924998614937067,0.0011422996176406741,0.002405919600278139,0.009625774808228016,2.9739358000160663,17.05463899191239,33.57653250170381,17.03428517738435
148,9.215017318725586,33.57313537597656,22.247018814086914,-0.007148334290832281,0.004359518643468618,-0.010290457867085934,0.013266408815979958,2.9739358000160663,9.193758631467597,33.58610030454121,22.21641565303743
149,0.0,33.57313537597656,24.079999923706055,-0.0004342392785474658,-0.0087423799559474,0.008961877785623074,0.012527290731668472,2.9739358000160663,-0.0012913997362454571,33.54713609924823,24.106651972888088
150,-9.215017318725586,33.57313537597656,22.247018814086914,0.002853013575077057,0.009076680988073349,0.0010789961088448763,0.009575492702424526,2.9739358000160663,-9.206532639516732,33.60012884251232,22.250227679243086
151,-17.027130126953125,33.57313537597656,17.027130126953125,0.0016929147532209754,-0.00656161829829216,-0.008086562156677246,0.010550511069595814,2.9739358000160663,-17.022095507162145,33.55362154441323,17.003081210256326
152,-22.247018814086914,33.57313537597656,9.215017318725586,-0.004195236135274172,0.003299710573628545,0.00719808042049408,0.008961052633821964,2.9739358000160663,-22.259495177019126,33.58294850338117,9.236423947779487
153,-24.079999923706055,33.57313537597656,0.0,1.1879008887660802e-10,3.048608240852069e-11,-0.005113048013299704,0.005113048013299704,2.9739358000160663,-24.07999992335278,33.57313537606723,-0.015205876533953012
154,-22.247018814086914,33.57313537597656,-9.215017318725586,0.004195236135274172,-0.0032997108064591885,0.00719808042049408,0.008961052633821964,2.9739358000160663,-22.234542451154702,33.56332224787953,-9.193610689671685
155,-17.027130126953125,33.57313537597656,-17.027130126953125,-0.0016929148696362972,0.00656161829829216,-0.008086562156677246,0.010550511069595814,2.9739358000160663,-17.032164747090317,33.59264920753989,-17.051179043649924
156,-9.215017318725586,33.57313537597656,-22.247018814086914,-0.002853013575077057,-0.009076680988073349,0.0010789961088448763,0.009575492702424526,2.9739358000160663,-9.22350199793444,33.546141909440806,-22.243809948930743
157,-0.0,33.57313537597656,-24.079999923706055,0.00043423924944363534,0.0087423799559474,0.008961877785623074,0.012527290731668472,2.9739358000160663,0.0012913996496925339,33.5991346527049,-24.05334787452402
158,9.215017318725586,33.57313537597656,-22.247018814086914,0.007148334290832281,-0.004359518643468618,-0.010290457867085934,0.013266408815979958,2.9739358000160663,9.236276005983575,33.56017044741191,-22.277621975136398
159,17.027130126953125,33.57313537597656,-17.027130126953125,-0.00924998614937067,-0.0011422995012253523,0.002405919600278139,0.009625774808228016,2.9739358000160663,16.99962126199386,33.56973825059553,-17.0199750765219
160,22.247018814086914,33.57313537597656,-9.215017318725586,0.004556696861982346,0.0028978984337300062,0.003994875121861696,0.006717166863381863,2.9739358000160663,22.260570138014586,33.58175353987344,-9.203136816584088
161,27.399999618530273,36.497867584228516,0.0,5.358213872597162e-12,-1.0578852377429726e-10,0.0075643728487193584,0.0075643728487193584,2.9739358000160663,27.399999618546207,36.49786758391391,0.022495959219476017
162,25.314298629760742,36.497867584228516,10.485526084899902,0.01835654489696026,-0.029457081109285355,0.0004238596302457154,0.03471112251281738,2.9739358000160663,25.368889815794414,36.410264116153634,10.486786616228471
163,19.374725341796875,36.497867584228516,19.374725341796875,-0.019796235486865044,0.04545990377664566,-0.013893546536564827,0.05149295553565025,2.9739358000160663,19.31585260837694,36.633062419535165,19.333406826362594
164,10.485526084899902,36.497867584228516,25.314298629760742,0.0072316015139222145,-0.03919233754277229,0.014766693115234375,0.04250165447592735,2.9739358000160663,10.507032403533605,36.38131208852375,25.358213827063988
165,0.0,36.497867584228516,27.399999618530273,0.001776746939867735,0.01383771002292633,0.00026566494489088655,0.013953839428722858,2.9739358000160663,0.00528393133204165,36.539020045455935,27.400789689020694
166,-10.485526084899902,36.497867584228516,25.314298629760742,0.003015940310433507,0.015337042510509491,-0.01662876084446907,0.02282184176146984,2.9739358000160663,-10.476556872039993,36.54347896401689,25.26484576257547
167,-19.374725341796875,36.497867584228516,19.374725341796875,-0.013492663390934467,-0.0310019813477993,0.01945534534752369,0.03900878503918648,2.9739358000160663,-19.41485165649274,36.40566968202687,19.432584289827552
168,-25.314298629760742,36.497867584228516,10.485526084899902,0.013743571937084198,0.02416778728365898,-0.010106896981596947,0.029582377523183823,2.9739358000160663,-25.273426129156952,36.569741032038564,10.455468822139256
169,-27.399999618530273,36.497867584228516,0.0,9.596431982394904e-11,1.1980126959909576e-11,0.003913987893611193,0.003913987893611193,2.9739358000160663,-27.39999961824488,36.49786758426414,0.0116399487176398
170,-25.314298629760742,36.497867584228516,-10.485526084899902,-0.013743571937084198,-0.02416778728365898,-0.010106896981596947,0.029582377523183823,2.9739358000160663,-25.355171130364532,36.42599413641847,-10.515583347660549
171,-19.374725341796875,36.497867584228516,-19.374725341796875,0.013492663390934467,0.0310019813477993,0.01945534534752369,0.03900878503918648,2.9739358000160663,-19.33459902710101,36.59006548643016,-19.316866393766198
172,-10.485526084899902,36.497867584228516,-25.314298629760742,-0.003015940310433507,-0.015337042510509491,-0.01662876084446907,0.02282184176146984,2.9739358000160663,-10.494495297759812,36.45225620444014,-25.363751496946016
173,-0.0,36.497867584228516,-27.399999618530273,-0.001776746939867735,-0.01383771002292633,0.00026566479937173426,0.013953839428722858,2.9739358000160663,-0.00528393133204165,36.456715123001096,-27.39920954847262
174,10.485526084899902,36.497867584228516,-25.314298629760742,-0.007231601979583502,0.03919233754277229,0.014766693115234375,0.04250165447592735,2.9739358000160663,10.464019764881352,36.61442307993328,-25.270383432457496
175,19.374725341796875,36.497867584228516,-19.374725341796875,0.019796235486865044,-0.04545990377664566,-0.013893546536564827,0.05149295553565025,2.9739358000160663,19.43359807521681,36.36267274892187,-19.416043857231156
176,25.314298629760742,36.497867584228516,-10.485526084899902,-0.01835654303431511,0.029457081109285355,0.0004238596011418849,0.03471112251281738,2.9739358000160663,25.259707449266458,36.5854710523034,-10.484265553657886
