job_name,case_id,mesh_level,case_variant,load_case,input_path,material_ok,gravity_ok,wind_ok,status,details
task7_s1_bfgs_coarse,s1_bfgs,coarse,comparison,combined,C:\Users\achille.larregle\OneDrive - ESTIA\Bureau\CRANFIELD\CRANFIELD COURSE\GroupProject2026\group_project\tasks\Task_07_Abaqus\results\inputs\task7_s1_bfgs_coarse.inp,yes,yes,yes,pass,
task7_s1_bfgs_refined,s1_bfgs,refined,comparison,combined,C:\Users\achille.larregle\OneDrive - ESTIA\Bureau\CRANFIELD\CRANFIELD COURSE\GroupProject2026\group_project\tasks\Task_07_Abaqus\results\inputs\task7_s1_bfgs_refined.inp,yes,yes,yes,pass,
task7_s1_bfgs_refined_gravity_only,s1_bfgs,refined,load_decomposition,gravity_only,C:\Users\achille.larregle\OneDrive - ESTIA\Bureau\CRANFIELD\CRANFIELD COURSE\GroupProject2026\group_project\tasks\Task_07_Abaqus\results\inputs\task7_s1_bfgs_refined_gravity_only.inp,yes,yes,yes,pass,
task7_s1_bfgs_refined_wind_only,s1_bfgs,refined,load_decomposition,wind_only,C:\Users\achille.larregle\OneDrive - ESTIA\Bureau\CRANFIELD\CRANFIELD COURSE\GroupProject2026\group_project\tasks\Task_07_Abaqus\results\inputs\task7_s1_bfgs_refined_wind_only.inp,yes,yes,yes,pass,
task7_s1_pso_coarse,s1_pso,coarse,comparison,combined,C:\Users\achille.larregle\OneDrive - ESTIA\Bureau\CRANFIELD\CRANFIELD COURSE\GroupProject2026\group_project\tasks\Task_07_Abaqus\results\inputs\task7_s1_pso_coarse.inp,yes,yes,yes,pass,
task7_s1_pso_refined,s1_pso,refined,comparison,combined,C:\Users\achille.larregle\OneDrive - ESTIA\Bureau\CRANFIELD\CRANFIELD COURSE\GroupProject2026\group_project\tasks\Task_07_Abaqus\results\inputs\task7_s1_pso_refined.inp,yes,yes,yes,pass,
task7_s1_pso_refined_gravity_only,s1_pso,refined,load_decomposition,gravity_only,C:\Users\achille.larregle\OneDrive - ESTIA\Bureau\CRANFIELD\CRANFIELD COURSE\GroupProject2026\group_project\tasks\Task_07_Abaqus\results\inputs\task7_s1_pso_refined_gravity_only.inp,yes,yes,yes,pass,
task7_s1_pso_refined_wind_only,s1_pso,refined,load_decomposition,wind_only,C:\Users\achille.larregle\OneDrive - ESTIA\Bureau\CRANFIELD\CRANFIELD COURSE\GroupProject2026\group_project\tasks\Task_07_Abaqus\results\inputs\task7_s1_pso_refined_wind_only.inp,yes,yes,yes,pass,
task7_s1_sa_coarse,s1_sa,coarse,comparison,combined,C:\Users\achille.larregle\OneDrive - ESTIA\Bureau\CRANFIELD\CRANFIELD COURSE\GroupProject2026\group_project\tasks\Task_07_Abaqus\results\inputs\task7_s1_sa_coarse.inp,yes,yes,yes,pass,
task7_s1_sa_refined,s1_sa,refined,comparison,combined,C:\Users\achille.larregle\OneDrive - ESTIA\Bureau\CRANFIELD\CRANFIELD COURSE\GroupProject2026\group_project\tasks\Task_07_Abaqus\results\inputs\task7_s1_sa_refined.inp,yes,yes,yes,pass,
task7_s1_sa_refined_gravity_only,s1_sa,refined,load_decomposition,gravity_only,C:\Users\achille.larregle\OneDrive - ESTIA\Bureau\CRANFIELD\CRANFIELD COURSE\GroupProject2026\group_project\tasks\Task_07_Abaqus\results\inputs\task7_s1_sa_refined_gravity_only.inp,yes,yes,yes,pass,
task7_s1_sa_refined_wind_only,s1_sa,refined,load_decomposition,wind_only,C:\Users\achille.larregle\OneDrive - ESTIA\Bureau\CRANFIELD\CRANFIELD COURSE\GroupProject2026\group_project\tasks\Task_07_Abaqus\results\inputs\task7_s1_sa_refined_wind_only.inp,yes,yes,yes,pass,
task7_s2_bfgs_coarse,s2_bfgs,coarse,comparison,combined,C:\Users\achille.larregle\OneDrive - ESTIA\Bureau\CRANFIELD\CRANFIELD COURSE\GroupProject2026\group_project\tasks\Task_07_Abaqus\results\inputs\task7_s2_bfgs_coarse.inp,yes,yes,yes,pass,
task7_s2_bfgs_refined,s2_bfgs,refined,comparison,combined,C:\Users\achille.larregle\OneDrive - ESTIA\Bureau\CRANFIELD\CRANFIELD COURSE\GroupProject2026\group_project\tasks\Task_07_Abaqus\results\inputs\task7_s2_bfgs_refined.inp,yes,yes,yes,pass,
task7_s2_bfgs_refined_gravity_only,s2_bfgs,refined,load_decomposition,gravity_only,C:\Users\achille.larregle\OneDrive - ESTIA\Bureau\CRANFIELD\CRANFIELD COURSE\GroupProject2026\group_project\tasks\Task_07_Abaqus\results\inputs\task7_s2_bfgs_refined_gravity_only.inp,yes,yes,yes,pass,
task7_s2_bfgs_refined_wind_only,s2_bfgs,refined,load_decomposition,wind_only,C:\Users\achille.larregle\OneDrive - ESTIA\Bureau\CRANFIELD\CRANFIELD COURSE\GroupProject2026\group_project\tasks\Task_07_Abaqus\results\inputs\task7_s2_bfgs_refined_wind_only.inp,yes,yes,yes,pass,
task7_s2_pso_coarse,s2_pso,coarse,comparison,combined,C:\Users\achille.larregle\OneDrive - ESTIA\Bureau\CRANFIELD\CRANFIELD COURSE\GroupProject2026\group_project\tasks\Task_07_Abaqus\results\inputs\task7_s2_pso_coarse.inp,yes,yes,yes,pass,
task7_s2_pso_refined,s2_pso,refined,comparison,combined,C:\Users\achille.larregle\OneDrive - ESTIA\Bureau\CRANFIELD\CRANFIELD COURSE\GroupProject2026\group_project\tasks\Task_07_Abaqus\results\inputs\task7_s2_pso_refined.inp,yes,yes,yes,pass,
task7_s2_pso_refined_gravity_only,s2_pso,refined,load_decomposition,gravity_only,C:\Users\achille.larregle\OneDrive - ESTIA\Bureau\CRANFIELD\CRANFIELD COURSE\GroupProject2026\group_project\tasks\Task_07_Abaqus\results\inputs\task7_s2_pso_refined_gravity_only.inp,yes,yes,yes,pass,
task7_s2_pso_refined_wind_only,s2_pso,refined,load_decomposition,wind_only,C:\Users\achille.larregle\OneDrive - ESTIA\Bureau\CRANFIELD\CRANFIELD COURSE\GroupProject2026\group_project\tasks\Task_07_Abaqus\results\inputs\task7_s2_pso_refined_wind_only.inp,yes,yes,yes,pass,
task7_s2_sa_coarse,s2_sa,coarse,comparison,combined,C:\Users\achille.larregle\OneDrive - ESTIA\Bureau\CRANFIELD\CRANFIELD COURSE\GroupProject2026\group_project\tasks\Task_07_Abaqus\results\inputs\task7_s2_sa_coarse.inp,yes,yes,yes,pass,
task7_s2_sa_refined,s2_sa,refined,comparison,combined,C:\Users\achille.larregle\OneDrive - ESTIA\Bureau\CRANFIELD\CRANFIELD COURSE\GroupProject2026\group_project\tasks\Task_07_Abaqus\results\inputs\task7_s2_sa_refined.inp,yes,yes,yes,pass,
task7_s2_sa_refined_gravity_only,s2_sa,refined,load_decomposition,gravity_only,C:\Users\achille.larregle\OneDrive - ESTIA\Bureau\CRANFIELD\CRANFIELD COURSE\GroupProject2026\group_project\tasks\Task_07_Abaqus\results\inputs\task7_s2_sa_refined_gravity_only.inp,yes,yes,yes,pass,
task7_s2_sa_refined_wind_only,s2_sa,refined,load_decomposition,wind_only,C:\Users\achille.larregle\OneDrive - ESTIA\Bureau\CRANFIELD\CRANFIELD COURSE\GroupProject2026\group_project\tasks\Task_07_Abaqus\results\inputs\task7_s2_sa_refined_wind_only.inp,yes,yes,yes,pass,
task7_s3_bfgs_coarse,s3_bfgs,coarse,comparison,combined,C:\Users\achille.larregle\OneDrive - ESTIA\Bureau\CRANFIELD\CRANFIELD COURSE\GroupProject2026\group_project\tasks\Task_07_Abaqus\results\inputs\task7_s3_bfgs_coarse.inp,yes,yes,yes,pass,
task7_s3_bfgs_refined,s3_bfgs,refined,comparison,combined,C:\Users\achille.larregle\OneDrive - ESTIA\Bureau\CRANFIELD\CRANFIELD COURSE\GroupProject2026\group_project\tasks\Task_07_Abaqus\results\inputs\task7_s3_bfgs_refined.inp,yes,yes,yes,pass,
task7_s3_bfgs_refined_gravity_only,s3_bfgs,refined,load_decomposition,gravity_only,C:\Users\achille.larregle\OneDrive - ESTIA\Bureau\CRANFIELD\CRANFIELD COURSE\GroupProject2026\group_project\tasks\Task_07_Abaqus\results\inputs\task7_s3_bfgs_refined_gravity_only.inp,yes,yes,yes,pass,
task7_s3_bfgs_refined_wind_only,s3_bfgs,refined,load_decomposition,wind_only,C:\Users\achille.larregle\OneDrive - ESTIA\Bureau\CRANFIELD\CRANFIELD COURSE\GroupProject2026\group_project\tasks\Task_07_Abaqus\results\inputs\task7_s3_bfgs_refined_wind_only.inp,yes,yes,yes,pass,
task7_s3_pso_coarse,s3_pso,coarse,comparison,combined,C:\Users\achille.larregle\OneDrive - ESTIA\Bureau\CRANFIELD\CRANFIELD COURSE\GroupProject2026\group_project\tasks\Task_07_Abaqus\results\inputs\task7_s3_pso_coarse.inp,yes,yes,yes,pass,
task7_s3_pso_refined,s3_pso,refined,comparison,combined,C:\Users\achille.larregle\OneDrive - ESTIA\Bureau\CRANFIELD\CRANFIELD COURSE\GroupProject2026\group_project\tasks\Task_07_Abaqus\results\inputs\task7_s3_pso_refined.inp,yes,yes,yes,pass,
task7_s3_pso_refined_gravity_only,s3_pso,refined,load_decomposition,gravity_only,C:\Users\achille.larregle\OneDrive - ESTIA\Bureau\CRANFIELD\CRANFIELD COURSE\GroupProject2026\group_project\tasks\Task_07_Abaqus\results\inputs\task7_s3_pso_refined_gravity_only.inp,yes,yes,yes,pass,
task7_s3_pso_refined_wind_only,s3_pso,refined,load_decomposition,wind_only,C:\Users\achille.larregle\OneDrive - ESTIA\Bureau\CRANFIELD\CRANFIELD COURSE\GroupProject2026\group_project\tasks\Task_07_Abaqus\results\inputs\task7_s3_pso_refined_wind_only.inp,yes,yes,yes,pass,
task7_s3_sa_coarse,s3_sa,coarse,comparison,combined,C:\Users\achille.larregle\OneDrive - ESTIA\Bureau\CRANFIELD\CRANFIELD COURSE\GroupProject2026\group_project\tasks\Task_07_Abaqus\results\inputs\task7_s3_sa_coarse.inp,yes,yes,yes,pass,
task7_s3_sa_refined,s3_sa,refined,comparison,combined,C:\Users\achille.larregle\OneDrive - ESTIA\Bureau\CRANFIELD\CRANFIELD COURSE\GroupProject2026\group_project\tasks\Task_07_Abaqus\results\inputs\task7_s3_sa_refined.inp,yes,yes,yes,pass,
task7_s3_sa_refined_gravity_only,s3_sa,refined,load_decomposition,gravity_only,C:\Users\achille.larregle\OneDrive - ESTIA\Bureau\CRANFIELD\CRANFIELD COURSE\GroupProject2026\group_project\tasks\Task_07_Abaqus\results\inputs\task7_s3_sa_refined_gravity_only.inp,yes,yes,yes,pass,
task7_s3_sa_refined_wind_only,s3_sa,refined,load_decomposition,wind_only,C:\Users\achille.larregle\OneDrive - ESTIA\Bureau\CRANFIELD\CRANFIELD COURSE\GroupProject2026\group_project\tasks\Task_07_Abaqus\results\inputs\task7_s3_sa_refined_wind_only.inp,yes,yes,yes,pass,
task7_s4_bfgs_coarse,s4_bfgs,coarse,comparison,combined,C:\Users\achille.larregle\OneDrive - ESTIA\Bureau\CRANFIELD\CRANFIELD COURSE\GroupProject2026\group_project\tasks\Task_07_Abaqus\results\inputs\task7_s4_bfgs_coarse.inp,yes,yes,yes,pass,
task7_s4_bfgs_refined,s4_bfgs,refined,comparison,combined,C:\Users\achille.larregle\OneDrive - ESTIA\Bureau\CRANFIELD\CRANFIELD COURSE\GroupProject2026\group_project\tasks\Task_07_Abaqus\results\inputs\task7_s4_bfgs_refined.inp,yes,yes,yes,pass,
task7_s4_bfgs_refined_gravity_only,s4_bfgs,refined,load_decomposition,gravity_only,C:\Users\achille.larregle\OneDrive - ESTIA\Bureau\CRANFIELD\CRANFIELD COURSE\GroupProject2026\group_project\tasks\Task_07_Abaqus\results\inputs\task7_s4_bfgs_refined_gravity_only.inp,yes,yes,yes,pass,
task7_s4_bfgs_refined_wind_only,s4_bfgs,refined,load_decomposition,wind_only,C:\Users\achille.larregle\OneDrive - ESTIA\Bureau\CRANFIELD\CRANFIELD COURSE\GroupProject2026\group_project\tasks\Task_07_Abaqus\results\inputs\task7_s4_bfgs_refined_wind_only.inp,yes,yes,yes,pass,
task7_s4_pso_coarse,s4_pso,coarse,comparison,combined,C:\Users\achille.larregle\OneDrive - ESTIA\Bureau\CRANFIELD\CRANFIELD COURSE\GroupProject2026\group_project\tasks\Task_07_Abaqus\results\inputs\task7_s4_pso_coarse.inp,yes,yes,yes,pass,
task7_s4_pso_refined,s4_pso,refined,comparison,combined,C:\Users\achille.larregle\OneDrive - ESTIA\Bureau\CRANFIELD\CRANFIELD COURSE\GroupProject2026\group_project\tasks\Task_07_Abaqus\results\inputs\task7_s4_pso_refined.inp,yes,yes,yes,pass,
task7_s4_pso_refined_gravity_only,s4_pso,refined,load_decomposition,gravity_only,C:\Users\achille.larregle\OneDrive - ESTIA\Bureau\CRANFIELD\CRANFIELD COURSE\GroupProject2026\group_project\tasks\Task_07_Abaqus\results\inputs\task7_s4_pso_refined_gravity_only.inp,yes,yes,yes,pass,
task7_s4_pso_refined_wind_only,s4_pso,refined,load_decomposition,wind_only,C:\Users\achille.larregle\OneDrive - ESTIA\Bureau\CRANFIELD\CRANFIELD COURSE\GroupProject2026\group_project\tasks\Task_07_Abaqus\results\inputs\task7_s4_pso_refined_wind_only.inp,yes,yes,yes,pass,
task7_s4_sa_coarse,s4_sa,coarse,comparison,combined,C:\Users\achille.larregle\OneDrive - ESTIA\Bureau\CRANFIELD\CRANFIELD COURSE\GroupProject2026\group_project\tasks\Task_07_Abaqus\results\inputs\task7_s4_sa_coarse.inp,yes,yes,yes,pass,
task7_s4_sa_refined,s4_sa,refined,comparison,combined,C:\Users\achille.larregle\OneDrive - ESTIA\Bureau\CRANFIELD\CRANFIELD COURSE\GroupProject2026\group_project\tasks\Task_07_Abaqus\results\inputs\task7_s4_sa_refined.inp,yes,yes,yes,pass,
task7_s4_sa_refined_gravity_only,s4_sa,refined,load_decomposition,gravity_only,C:\Users\achille.larregle\OneDrive - ESTIA\Bureau\CRANFIELD\CRANFIELD COURSE\GroupProject2026\group_project\tasks\Task_07_Abaqus\results\inputs\task7_s4_sa_refined_gravity_only.inp,yes,yes,yes,pass,
task7_s4_sa_refined_wind_only,s4_sa,refined,load_decomposition,wind_only,C:\Users\achille.larregle\OneDrive - ESTIA\Bureau\CRANFIELD\CRANFIELD COURSE\GroupProject2026\group_project\tasks\Task_07_Abaqus\results\inputs\task7_s4_sa_refined_wind_only.inp,yes,yes,yes,pass,
task7_s5_bfgs_coarse,s5_bfgs,coarse,comparison,combined,C:\Users\achille.larregle\OneDrive - ESTIA\Bureau\CRANFIELD\CRANFIELD COURSE\GroupProject2026\group_project\tasks\Task_07_Abaqus\results\inputs\task7_s5_bfgs_coarse.inp,yes,yes,yes,pass,
task7_s5_bfgs_refined,s5_bfgs,refined,comparison,combined,C:\Users\achille.larregle\OneDrive - ESTIA\Bureau\CRANFIELD\CRANFIELD COURSE\GroupProject2026\group_project\tasks\Task_07_Abaqus\results\inputs\task7_s5_bfgs_refined.inp,yes,yes,yes,pass,
task7_s5_bfgs_refined_gravity_only,s5_bfgs,refined,load_decomposition,gravity_only,C:\Users\achille.larregle\OneDrive - ESTIA\Bureau\CRANFIELD\CRANFIELD COURSE\GroupProject2026\group_project\tasks\Task_07_Abaqus\results\inputs\task7_s5_bfgs_refined_gravity_only.inp,yes,yes,yes,pass,
task7_s5_bfgs_refined_wind_only,s5_bfgs,refined,load_decomposition,wind_only,C:\Users\achille.larregle\OneDrive - ESTIA\Bureau\CRANFIELD\CRANFIELD COURSE\GroupProject2026\group_project\tasks\Task_07_Abaqus\results\inputs\task7_s5_bfgs_refined_wind_only.inp,yes,yes,yes,pass,
task7_s5_pso_coarse,s5_pso,coarse,comparison,combined,C:\Users\achille.larregle\OneDrive - ESTIA\Bureau\CRANFIELD\CRANFIELD COURSE\GroupProject2026\group_project\tasks\Task_07_Abaqus\results\inputs\task7_s5_pso_coarse.inp,yes,yes,yes,pass,
task7_s5_pso_refined,s5_pso,refined,comparison,combined,C:\Users\achille.larregle\OneDrive - ESTIA\Bureau\CRANFIELD\CRANFIELD COURSE\GroupProject2026\group_project\tasks\Task_07_Abaqus\results\inputs\task7_s5_pso_refined.inp,yes,yes,yes,pass,
task7_s5_pso_refined_gravity_only,s5_pso,refined,load_decomposition,gravity_only,C:\Users\achille.larregle\OneDrive - ESTIA\Bureau\CRANFIELD\CRANFIELD COURSE\GroupProject2026\group_project\tasks\Task_07_Abaqus\results\inputs\task7_s5_pso_refined_gravity_only.inp,yes,yes,yes,pass,
task7_s5_pso_refined_wind_only,s5_pso,refined,load_decomposition,wind_only,C:\Users\achille.larregle\OneDrive - ESTIA\Bureau\CRANFIELD\CRANFIELD COURSE\GroupProject2026\group_project\tasks\Task_07_Abaqus\results\inputs\task7_s5_pso_refined_wind_only.inp,yes,yes,yes,pass,
task7_s5_sa_coarse,s5_sa,coarse,comparison,combined,C:\Users\achille.larregle\OneDrive - ESTIA\Bureau\CRANFIELD\CRANFIELD COURSE\GroupProject2026\group_project\tasks\Task_07_Abaqus\results\inputs\task7_s5_sa_coarse.inp,yes,yes,yes,pass,
task7_s5_sa_refined,s5_sa,refined,comparison,combined,C:\Users\achille.larregle\OneDrive - ESTIA\Bureau\CRANFIELD\CRANFIELD COURSE\GroupProject2026\group_project\tasks\Task_07_Abaqus\results\inputs\task7_s5_sa_refined.inp,yes,yes,yes,pass,
task7_s5_sa_refined_gravity_only,s5_sa,refined,load_decomposition,gravity_only,C:\Users\achille.larregle\OneDrive - ESTIA\Bureau\CRANFIELD\CRANFIELD COURSE\GroupProject2026\group_project\tasks\Task_07_Abaqus\results\inputs\task7_s5_sa_refined_gravity_only.inp,yes,yes,yes,pass,
task7_s5_sa_refined_wind_only,s5_sa,refined,load_decomposition,wind_only,C:\Users\achille.larregle\OneDrive - ESTIA\Bureau\CRANFIELD\CRANFIELD COURSE\GroupProject2026\group_project\tasks\Task_07_Abaqus\results\inputs\task7_s5_sa_refined_wind_only.inp,yes,yes,yes,pass,
task7_s6_bfgs_coarse,s6_bfgs,coarse,comparison,combined,C:\Users\achille.larregle\OneDrive - ESTIA\Bureau\CRANFIELD\CRANFIELD COURSE\GroupProject2026\group_project\tasks\Task_07_Abaqus\results\inputs\task7_s6_bfgs_coarse.inp,yes,yes,yes,pass,
task7_s6_bfgs_refined,s6_bfgs,refined,comparison,combined,C:\Users\achille.larregle\OneDrive - ESTIA\Bureau\CRANFIELD\CRANFIELD COURSE\GroupProject2026\group_project\tasks\Task_07_Abaqus\results\inputs\task7_s6_bfgs_refined.inp,yes,yes,yes,pass,
task7_s6_bfgs_refined_gravity_only,s6_bfgs,refined,load_decomposition,gravity_only,C:\Users\achille.larregle\OneDrive - ESTIA\Bureau\CRANFIELD\CRANFIELD COURSE\GroupProject2026\group_project\tasks\Task_07_Abaqus\results\inputs\task7_s6_bfgs_refined_gravity_only.inp,yes,yes,yes,pass,
task7_s6_bfgs_refined_wind_only,s6_bfgs,refined,load_decomposition,wind_only,C:\Users\achille.larregle\OneDrive - ESTIA\Bureau\CRANFIELD\CRANFIELD COURSE\GroupProject2026\group_project\tasks\Task_07_Abaqus\results\inputs\task7_s6_bfgs_refined_wind_only.inp,yes,yes,yes,pass,
task7_s6_pso_coarse,s6_pso,coarse,comparison,combined,C:\Users\achille.larregle\OneDrive - ESTIA\Bureau\CRANFIELD\CRANFIELD COURSE\GroupProject2026\group_project\tasks\Task_07_Abaqus\results\inputs\task7_s6_pso_coarse.inp,yes,yes,yes,pass,
task7_s6_pso_refined,s6_pso,refined,comparison,combined,C:\Users\achille.larregle\OneDrive - ESTIA\Bureau\CRANFIELD\CRANFIELD COURSE\GroupProject2026\group_project\tasks\Task_07_Abaqus\results\inputs\task7_s6_pso_refined.inp,yes,yes,yes,pass,
task7_s6_pso_refined_gravity_only,s6_pso,refined,load_decomposition,gravity_only,C:\Users\achille.larregle\OneDrive - ESTIA\Bureau\CRANFIELD\CRANFIELD COURSE\GroupProject2026\group_project\tasks\Task_07_Abaqus\results\inputs\task7_s6_pso_refined_gravity_only.inp,yes,yes,yes,pass,
task7_s6_pso_refined_wind_only,s6_pso,refined,load_decomposition,wind_only,C:\Users\achille.larregle\OneDrive - ESTIA\Bureau\CRANFIELD\CRANFIELD COURSE\GroupProject2026\group_project\tasks\Task_07_Abaqus\results\inputs\task7_s6_pso_refined_wind_only.inp,yes,yes,yes,pass,
task7_s6_sa_coarse,s6_sa,coarse,comparison,combined,C:\Users\achille.larregle\OneDrive - ESTIA\Bureau\CRANFIELD\CRANFIELD COURSE\GroupProject2026\group_project\tasks\Task_07_Abaqus\results\inputs\task7_s6_sa_coarse.inp,yes,yes,yes,pass,
task7_s6_sa_refined,s6_sa,refined,comparison,combined,C:\Users\achille.larregle\OneDrive - ESTIA\Bureau\CRANFIELD\CRANFIELD COURSE\GroupProject2026\group_project\tasks\Task_07_Abaqus\results\inputs\task7_s6_sa_refined.inp,yes,yes,yes,pass,
task7_s6_sa_refined_gravity_only,s6_sa,refined,load_decomposition,gravity_only,C:\Users\achille.larregle\OneDrive - ESTIA\Bureau\CRANFIELD\CRANFIELD COURSE\GroupProject2026\group_project\tasks\Task_07_Abaqus\results\inputs\task7_s6_sa_refined_gravity_only.inp,yes,yes,yes,pass,
task7_s6_sa_refined_wind_only,s6_sa,refined,load_decomposition,wind_only,C:\Users\achille.larregle\OneDrive - ESTIA\Bureau\CRANFIELD\CRANFIELD COURSE\GroupProject2026\group_project\tasks\Task_07_Abaqus\results\inputs\task7_s6_sa_refined_wind_only.inp,yes,yes,yes,pass,
task7_s7_bfgs_coarse,s7_bfgs,coarse,comparison,combined,C:\Users\achille.larregle\OneDrive - ESTIA\Bureau\CRANFIELD\CRANFIELD COURSE\GroupProject2026\group_project\tasks\Task_07_Abaqus\results\inputs\task7_s7_bfgs_coarse.inp,yes,yes,yes,pass,
task7_s7_bfgs_refined,s7_bfgs,refined,comparison,combined,C:\Users\achille.larregle\OneDrive - ESTIA\Bureau\CRANFIELD\CRANFIELD COURSE\GroupProject2026\group_project\tasks\Task_07_Abaqus\results\inputs\task7_s7_bfgs_refined.inp,yes,yes,yes,pass,
task7_s7_bfgs_refined_gravity_only,s7_bfgs,refined,load_decomposition,gravity_only,C:\Users\achille.larregle\OneDrive - ESTIA\Bureau\CRANFIELD\CRANFIELD COURSE\GroupProject2026\group_project\tasks\Task_07_Abaqus\results\inputs\task7_s7_bfgs_refined_gravity_only.inp,yes,yes,yes,pass,
task7_s7_bfgs_refined_wind_only,s7_bfgs,refined,load_decomposition,wind_only,C:\Users\achille.larregle\OneDrive - ESTIA\Bureau\CRANFIELD\CRANFIELD COURSE\GroupProject2026\group_project\tasks\Task_07_Abaqus\results\inputs\task7_s7_bfgs_refined_wind_only.inp,yes,yes,yes,pass,
task7_s7_pso_coarse,s7_pso,coarse,comparison,combined,C:\Users\achille.larregle\OneDrive - ESTIA\Bureau\CRANFIELD\CRANFIELD COURSE\GroupProject2026\group_project\tasks\Task_07_Abaqus\results\inputs\task7_s7_pso_coarse.inp,yes,yes,yes,pass,
task7_s7_pso_refined,s7_pso,refined,comparison,combined,C:\Users\achille.larregle\OneDrive - ESTIA\Bureau\CRANFIELD\CRANFIELD COURSE\GroupProject2026\group_project\tasks\Task_07_Abaqus\results\inputs\task7_s7_pso_refined.inp,yes,yes,yes,pass,
task7_s7_pso_refined_gravity_only,s7_pso,refined,load_decomposition,gravity_only,C:\Users\achille.larregle\OneDrive - ESTIA\Bureau\CRANFIELD\CRANFIELD COURSE\GroupProject2026\group_project\tasks\Task_07_Abaqus\results\inputs\task7_s7_pso_refined_gravity_only.inp,yes,yes,yes,pass,
task7_s7_pso_refined_wind_only,s7_pso,refined,load_decomposition,wind_only,C:\Users\achille.larregle\OneDrive - ESTIA\Bureau\CRANFIELD\CRANFIELD COURSE\GroupProject2026\group_project\tasks\Task_07_Abaqus\results\inputs\task7_s7_pso_refined_wind_only.inp,yes,yes,yes,pass,
task7_s7_sa_coarse,s7_sa,coarse,comparison,combined,C:\Users\achille.larregle\OneDrive - ESTIA\Bureau\CRANFIELD\CRANFIELD COURSE\GroupProject2026\group_project\tasks\Task_07_Abaqus\results\inputs\task7_s7_sa_coarse.inp,yes,yes,yes,pass,
task7_s7_sa_refined,s7_sa,refined,comparison,combined,C:\Users\achille.larregle\OneDrive - ESTIA\Bureau\CRANFIELD\CRANFIELD COURSE\GroupProject2026\group_project\tasks\Task_07_Abaqus\results\inputs\task7_s7_sa_refined.inp,yes,yes,yes,pass,
task7_s7_sa_refined_gravity_only,s7_sa,refined,load_decomposition,gravity_only,C:\Users\achille.larregle\OneDrive - ESTIA\Bureau\CRANFIELD\CRANFIELD COURSE\GroupProject2026\group_project\tasks\Task_07_Abaqus\results\inputs\task7_s7_sa_refined_gravity_only.inp,yes,yes,yes,pass,
task7_s7_sa_refined_wind_only,s7_sa,refined,load_decomposition,wind_only,C:\Users\achille.larregle\OneDrive - ESTIA\Bureau\CRANFIELD\CRANFIELD COURSE\GroupProject2026\group_project\tasks\Task_07_Abaqus\results\inputs\task7_s7_sa_refined_wind_only.inp,yes,yes,yes,pass,
task7_s8_bfgs_coarse,s8_bfgs,coarse,comparison,combined,C:\Users\achille.larregle\OneDrive - ESTIA\Bureau\CRANFIELD\CRANFIELD COURSE\GroupProject2026\group_project\tasks\Task_07_Abaqus\results\inputs\task7_s8_bfgs_coarse.inp,yes,yes,yes,pass,
task7_s8_bfgs_refined,s8_bfgs,refined,comparison,combined,C:\Users\achille.larregle\OneDrive - ESTIA\Bureau\CRANFIELD\CRANFIELD COURSE\GroupProject2026\group_project\tasks\Task_07_Abaqus\results\inputs\task7_s8_bfgs_refined.inp,yes,yes,yes,pass,
task7_s8_bfgs_refined_gravity_only,s8_bfgs,refined,load_decomposition,gravity_only,C:\Users\achille.larregle\OneDrive - ESTIA\Bureau\CRANFIELD\CRANFIELD COURSE\GroupProject2026\group_project\tasks\Task_07_Abaqus\results\inputs\task7_s8_bfgs_refined_gravity_only.inp,yes,yes,yes,pass,
task7_s8_bfgs_refined_wind_only,s8_bfgs,refined,load_decomposition,wind_only,C:\Users\achille.larregle\OneDrive - ESTIA\Bureau\CRANFIELD\CRANFIELD COURSE\GroupProject2026\group_project\tasks\Task_07_Abaqus\results\inputs\task7_s8_bfgs_refined_wind_only.inp,yes,yes,yes,pass,
task7_s8_pso_coarse,s8_pso,coarse,comparison,combined,C:\Users\achille.larregle\OneDrive - ESTIA\Bureau\CRANFIELD\CRANFIELD COURSE\GroupProject2026\group_project\tasks\Task_07_Abaqus\results\inputs\task7_s8_pso_coarse.inp,yes,yes,yes,pass,
task7_s8_pso_refined,s8_pso,refined,comparison,combined,C:\Users\achille.larregle\OneDrive - ESTIA\Bureau\CRANFIELD\CRANFIELD COURSE\GroupProject2026\group_project\tasks\Task_07_Abaqus\results\inputs\task7_s8_pso_refined.inp,yes,yes,yes,pass,
task7_s8_pso_refined_gravity_only,s8_pso,refined,load_decomposition,gravity_only,C:\Users\achille.larregle\OneDrive - ESTIA\Bureau\CRANFIELD\CRANFIELD COURSE\GroupProject2026\group_project\tasks\Task_07_Abaqus\results\inputs\task7_s8_pso_refined_gravity_only.inp,yes,yes,yes,pass,
task7_s8_pso_refined_wind_only,s8_pso,refined,load_decomposition,wind_only,C:\Users\achille.larregle\OneDrive - ESTIA\Bureau\CRANFIELD\CRANFIELD COURSE\GroupProject2026\group_project\tasks\Task_07_Abaqus\results\inputs\task7_s8_pso_refined_wind_only.inp,yes,yes,yes,pass,
task7_s8_sa_coarse,s8_sa,coarse,comparison,combined,C:\Users\achille.larregle\OneDrive - ESTIA\Bureau\CRANFIELD\CRANFIELD COURSE\GroupProject2026\group_project\tasks\Task_07_Abaqus\results\inputs\task7_s8_sa_coarse.inp,yes,yes,yes,pass,
task7_s8_sa_refined,s8_sa,refined,comparison,combined,C:\Users\achille.larregle\OneDrive - ESTIA\Bureau\CRANFIELD\CRANFIELD COURSE\GroupProject2026\group_project\tasks\Task_07_Abaqus\results\inputs\task7_s8_sa_refined.inp,yes,yes,yes,pass,
task7_s8_sa_refined_gravity_only,s8_sa,refined,load_decomposition,gravity_only,C:\Users\achille.larregle\OneDrive - ESTIA\Bureau\CRANFIELD\CRANFIELD COURSE\GroupProject2026\group_project\tasks\Task_07_Abaqus\results\inputs\task7_s8_sa_refined_gravity_only.inp,yes,yes,yes,pass,
task7_s8_sa_refined_wind_only,s8_sa,refined,load_decomposition,wind_only,C:\Users\achille.larregle\OneDrive - ESTIA\Bureau\CRANFIELD\CRANFIELD COURSE\GroupProject2026\group_project\tasks\Task_07_Abaqus\results\inputs\task7_s8_sa_refined_wind_only.inp,yes,yes,yes,pass,
