case_id,case_label,scenario_id,algorithm,selection_status,coarse_job_name,refined_job_name,coarse_max_displacement_m,refined_max_displacement_m,delta_max_displacement_percent,pass_max_displacement,coarse_max_mises_pa,refined_max_mises_pa,delta_max_mises_percent,pass_max_mises,coarse_buckling_factor_1,refined_buckling_factor_1,delta_buckling_factor_1_percent,pass_buckling_factor_1,all_criteria_pass
s1_bfgs,S1 / BFGS,S1,BFGS,warning_noncompliant,task7_s1_bfgs_coarse,task7_s1_bfgs_refined,0.003924520220607519,0.004264459479600191,8.661931647279143,no,2176199.5,2262164.5,3.9502352610594755,yes,43.001,20.907,-51.380200460454404,no,no
s1_pso,S1 / PSO,S1,PSO,engineering_feasible,task7_s1_pso_coarse,task7_s1_pso_refined,0.003525280626490712,0.004125629086047411,17.02980622437209,no,2071490.75,2243798.75,8.318067555937674,no,43.816,21.3,-51.38762096037978,no,no
s1_sa,S1 / SA,S1,SA,engineering_feasible,task7_s1_sa_coarse,task7_s1_sa_refined,0.004222350660711527,0.004627135116606951,9.586708646960457,no,2316679.25,2368479.5,2.2359698693722923,yes,42.677,21.481,-49.66609649225578,no,no
s2_bfgs,S2 / BFGS,S2,BFGS,engineering_feasible,task7_s2_bfgs_coarse,task7_s2_bfgs_refined,0.008022654801607132,0.010202251374721527,27.168021397078796,no,3844428.0,3867362.0,0.596551684671946,yes,45.356,23.563,-48.04876973278067,no,no
s2_pso,S2 / PSO,S2,PSO,mathematical_fallback,task7_s2_pso_coarse,task7_s2_pso_refined,0.10622581094503403,0.09404045343399048,-11.47118332412524,no,25744776.0,10268319.0,-60.11494137684476,no,-3.4222,-3.2291,-5.642569107591616,yes,no
s2_sa,S2 / SA,S2,SA,engineering_feasible,task7_s2_sa_coarse,task7_s2_sa_refined,0.007942973636090755,0.009967667981982231,25.490382300802363,no,3864090.75,3818229.25,-1.1868639472300178,yes,46.099,24.549,-46.7472179439901,no,no
s3_bfgs,S3 / BFGS,S3,BFGS,engineering_feasible,task7_s3_bfgs_coarse,task7_s3_bfgs_refined,0.008021469227969646,0.010152853094041348,26.570990993020192,no,3862044.5,3833903.0,-0.728668455270259,yes,45.297,23.529,-48.05616265977879,no,no
s3_pso,S3 / PSO,S3,PSO,engineering_feasible,task7_s3_pso_coarse,task7_s3_pso_refined,0.007737580221146345,0.009850465692579746,27.30679890928964,no,3740009.25,3793974.75,1.4429242387568961,yes,47.006,23.496,-50.01489171595116,no,no
s3_sa,S3 / SA,S3,SA,engineering_feasible,task7_s3_sa_coarse,task7_s3_sa_refined,0.007457778323441744,0.009036135859787464,21.16391058962601,no,3656956.0,3526282.5,-3.5732860882110695,yes,44.445,23.834,-46.37417032287096,no,no
s4_bfgs,S4 / BFGS,S4,BFGS,engineering_feasible,task7_s4_bfgs_coarse,task7_s4_bfgs_refined,0.004064856097102165,0.0038307353388518095,-5.759632140908022,no,2132035.0,2281516.25,7.011200566594826,no,41.499,20.267,-51.1626786187619,no,no
s4_pso,S4 / PSO,S4,PSO,warning_noncompliant,task7_s4_pso_coarse,task7_s4_pso_refined,0.010359994135797024,0.012072882615029812,16.533681938237997,no,4689169.0,4541389.0,-3.1515178915496542,yes,-38.575,22.491,-158.30460142579392,no,no
s4_sa,S4 / SA,S4,SA,engineering_feasible,task7_s4_sa_coarse,task7_s4_sa_refined,0.004643900319933891,0.004286723677068949,-7.691307268843944,no,2263798.5,2296242.5,1.4331664236017472,yes,38.745,19.753,-49.0179377984256,no,no
s5_bfgs,S5 / BFGS,S5,BFGS,engineering_feasible,task7_s5_bfgs_coarse,task7_s5_bfgs_refined,0.009238970465958118,0.008695249445736408,-5.885082350085466,no,3755517.5,4148099.25,10.453466133495583,no,42.324,22.725,-46.307059824213205,no,no
s5_pso,S5 / PSO,S5,PSO,engineering_feasible,task7_s5_pso_coarse,task7_s5_pso_refined,0.011348052881658077,0.011481010355055332,1.1716324798957791,yes,4003056.75,4940802.0,23.4257296002611,no,38.551,19.566,-49.246452750901405,no,no
s5_sa,S5 / SA,S5,SA,engineering_feasible,task7_s5_sa_coarse,task7_s5_sa_refined,0.010519018396735191,0.010228931903839111,-2.7577334876238524,yes,4420756.0,4641823.5,5.000671830790933,no,42.904,23.232,-45.85120268506434,no,no
s6_bfgs,S6 / BFGS,S6,BFGS,engineering_feasible,task7_s6_bfgs_coarse,task7_s6_bfgs_refined,0.010307845659554005,0.01052236557006836,2.081132349081335,yes,4408681.0,5312105.0,20.49193398206856,no,42.574,24.772,-41.81425283036595,no,no
s6_pso,S6 / PSO,S6,PSO,engineering_feasible,task7_s6_pso_coarse,task7_s6_pso_refined,0.010140904225409031,0.011907480657100677,17.42030486063872,no,4798085.0,6704670.5,39.736384411697586,no,47.861,21.611,-54.846325818516114,no,no
s6_sa,S6 / SA,S6,SA,engineering_feasible,task7_s6_sa_coarse,task7_s6_sa_refined,0.012369669042527676,0.014269686304032803,15.360291815187228,no,5546124.5,7689902.0,38.65361298687038,no,42.978,19.128,-55.49350830657546,no,no
s7_bfgs,S7 / BFGS,S7,BFGS,engineering_feasible,task7_s7_bfgs_coarse,task7_s7_bfgs_refined,0.00861336663365364,0.010104687884449959,17.314034270519905,no,4105251.75,4133531.25,0.6888615296248275,yes,44.219,24.948,-43.5808136773785,no,no
s7_pso,S7 / PSO,S7,PSO,mathematical_fallback,task7_s7_pso_coarse,task7_s7_pso_refined,0.025445694103837013,0.028467237949371338,11.87447995407089,no,11533925.0,9257718.0,-19.734886432849184,no,-16.853,23.712,-240.69898534385567,no,no
s7_sa,S7 / SA,S7,SA,mathematical_fallback,task7_s7_sa_coarse,task7_s7_sa_refined,0.013365164399147034,0.012540874071419239,-6.167453711084923,no,8355623.5,6710908.5,-19.6839290329441,no,72.222,26.587,-63.18711749882306,no,no
s8_bfgs,S8 / BFGS,S8,BFGS,warning_noncompliant,task7_s8_bfgs_coarse,task7_s8_bfgs_refined,0.010046417824923992,0.010318976826965809,2.712996879003276,yes,4910483.5,5446418.5,10.914098377481565,no,41.375,19.273,-53.41873111782477,no,no
s8_pso,S8 / PSO,S8,PSO,warning_noncompliant,task7_s8_pso_coarse,task7_s8_pso_refined,0.00855820532888174,0.009235011413693428,7.908271171382639,no,4519373.0,4493025.0,-0.5830012260550302,yes,54.512,27.335,-49.855077781039036,no,no
s8_sa,S8 / SA,S8,SA,warning_noncompliant,task7_s8_sa_coarse,task7_s8_sa_refined,0.007770984433591366,0.008162681944668293,5.040513392148232,no,4276100.0,4955121.0,15.879446224363322,no,50.742,23.837,-53.02313665208308,no,no
