Algorithm,Problem,Run_ID,Best_Value,Time_s,Evals,Success
SA,rastrigin,0,4.974827118744315,0.05768895149230957,10000,False
SA,rastrigin,1,4.975306723274841,0.05646109580993652,10000,False
SA,rastrigin,2,25.868709433870045,0.056243181228637695,10000,False
SA,rastrigin,3,4.974869793529848,0.057173967361450195,10000,False
SA,rastrigin,4,24.873791119290203,0.06511306762695312,10000,False
SA,rastrigin,5,24.8742422643614,0.05617380142211914,10000,False
SA,rastrigin,6,16.91433120798571,0.056667327880859375,10000,False
SA,rastrigin,7,33.82838309587297,0.05654478073120117,10000,False
SA,rastrigin,8,40.79297935671511,0.055699825286865234,10000,False
SA,rastrigin,9,24.873768849728826,0.05643796920776367,10000,False
SA,rastrigin,10,33.82869320459616,0.05613088607788086,10000,False
SA,rastrigin,11,33.82843534743814,0.056989192962646484,10000,False
SA,rastrigin,12,19.89942688565324,0.05522298812866211,10000,False
SA,rastrigin,13,12.934451542408292,0.05576801300048828,10000,False
SA,rastrigin,14,3.9800478727786057,0.055088043212890625,10000,False
SA,rastrigin,15,24.87394241131129,0.05512499809265137,10000,False
SA,rastrigin,16,9.670444832161017,0.05630302429199219,10000,False
SA,rastrigin,17,4.975089647578539,0.0563359260559082,10000,False
SA,rastrigin,18,3.981056739598092,0.05546212196350098,10000,False
SA,rastrigin,19,28.853635191969516,0.05855894088745117,10000,False
SA,rastrigin,20,16.914275446283643,0.0559229850769043,10000,False
SA,rastrigin,21,19.899269221889615,0.056468963623046875,10000,False
SA,rastrigin,22,9.950065419875177,0.05679798126220703,10000,False
SA,rastrigin,23,15.919297516893092,0.05447077751159668,10000,False
SA,rastrigin,24,24.87412462379561,0.05603504180908203,10000,False
SA,rastrigin,25,16.914616005837864,0.05539417266845703,10000,False
SA,rastrigin,26,4.975050738870435,0.05533289909362793,10000,False
SA,rastrigin,27,16.91538941814369,0.05472874641418457,10000,False
SA,rastrigin,28,4.9748542550762025,0.05692124366760254,10000,False
SA,rastrigin,29,19.89931339966135,0.05601096153259277,10000,False
PSO,rastrigin,0,0.0,0.06994891166687012,10020,True
PSO,rastrigin,1,0.0,0.07038378715515137,10020,True
PSO,rastrigin,2,0.0,0.06874799728393555,10020,True
PSO,rastrigin,3,0.0,0.0693821907043457,10020,True
PSO,rastrigin,4,0.0,0.0704808235168457,10020,True
PSO,rastrigin,5,0.0,0.07002592086791992,10020,True
PSO,rastrigin,6,0.0,0.07019376754760742,10020,True
PSO,rastrigin,7,0.9949590570932898,0.07047700881958008,10020,False
PSO,rastrigin,8,0.0,0.06898117065429688,10020,True
PSO,rastrigin,9,0.0,0.06957888603210449,10020,True
PSO,rastrigin,10,0.9949590570932898,0.06929612159729004,10020,False
PSO,rastrigin,11,0.9949590570932898,0.06956005096435547,10020,False
PSO,rastrigin,12,0.0,0.06922411918640137,10020,True
PSO,rastrigin,13,0.0,0.06921648979187012,10020,True
PSO,rastrigin,14,0.9949590570932898,0.06879186630249023,10020,False
PSO,rastrigin,15,0.0,0.06885981559753418,10020,True
PSO,rastrigin,16,0.0,0.06967902183532715,10020,True
PSO,rastrigin,17,0.0,0.06963896751403809,10020,True
PSO,rastrigin,18,0.9949590570932898,0.06998395919799805,10020,False
PSO,rastrigin,19,0.0,0.06918025016784668,10020,True
PSO,rastrigin,20,0.0,0.06918978691101074,10020,True
PSO,rastrigin,21,0.0,0.06985187530517578,10020,True
PSO,rastrigin,22,0.0,0.0685281753540039,10020,True
PSO,rastrigin,23,0.0,0.0687260627746582,10020,True
PSO,rastrigin,24,0.0,0.06976103782653809,10020,True
PSO,rastrigin,25,0.9949590570932898,0.0684199333190918,10020,False
PSO,rastrigin,26,0.0,0.07033276557922363,10020,True
PSO,rastrigin,27,0.0,0.07054376602172852,10020,True
PSO,rastrigin,28,0.9949590570932898,0.06964778900146484,10020,False
PSO,rastrigin,29,0.0,0.0705709457397461,10020,True
SA,rosenbrock,0,1.4082228499622804e-05,0.06496787071228027,10000,True
SA,rosenbrock,1,1.4219225830564868e-05,0.06537604331970215,10000,True
SA,rosenbrock,2,1.4283146366660898e-05,0.062087297439575195,10000,True
SA,rosenbrock,3,2.830561153360571e-05,0.06244206428527832,10000,True
SA,rosenbrock,4,1.7126918687132554e-05,0.06246304512023926,10000,True
SA,rosenbrock,5,1.1517459765944185e-05,0.062425851821899414,10000,True
SA,rosenbrock,6,3.790019305160373e-05,0.0626070499420166,10000,True
SA,rosenbrock,7,1.4408863301792897e-07,0.06152915954589844,10000,True
SA,rosenbrock,8,6.694751025071986e-06,0.0616612434387207,10000,True
SA,rosenbrock,9,8.359677851358237e-06,0.06219172477722168,10000,True
SA,rosenbrock,10,3.2936296735732394e-06,0.06162881851196289,10000,True
SA,rosenbrock,11,1.134531549234329e-05,0.062245845794677734,10000,True
SA,rosenbrock,12,5.351439474008226e-06,0.06196880340576172,10000,True
SA,rosenbrock,13,2.3607265057213322e-07,0.0627899169921875,10000,True
SA,rosenbrock,14,4.592657525169818e-06,0.062351226806640625,10000,True
SA,rosenbrock,15,1.0155154350213885e-05,0.06237483024597168,10000,True
SA,rosenbrock,16,1.0962170249093946e-05,0.062062740325927734,10000,True
SA,rosenbrock,17,2.0273343534389233e-05,0.06262898445129395,10000,True
SA,rosenbrock,18,1.375441870904017e-06,0.06252908706665039,10000,True
SA,rosenbrock,19,9.06045554830847e-06,0.061530113220214844,10000,True
SA,rosenbrock,20,8.06909601437038e-06,0.0615086555480957,10000,True
SA,rosenbrock,21,1.641086036195554e-05,0.06118512153625488,10000,True
SA,rosenbrock,22,4.095249080380077e-06,0.062319040298461914,10000,True
SA,rosenbrock,23,1.9524822373717133e-05,0.061215877532958984,10000,True
SA,rosenbrock,24,1.1474181829590175e-05,0.06201910972595215,10000,True
SA,rosenbrock,25,8.174706969645972e-06,0.06181502342224121,10000,True
SA,rosenbrock,26,1.4644398815696663e-05,0.06264376640319824,10000,True
SA,rosenbrock,27,3.006739956869265e-05,0.062254905700683594,10000,True
SA,rosenbrock,28,1.4213961455334814e-05,0.06152796745300293,10000,True
SA,rosenbrock,29,3.205377649683421e-06,0.06111884117126465,10000,True
PSO,rosenbrock,0,0.0,0.0778651237487793,10020,True
PSO,rosenbrock,1,0.0,0.07629895210266113,10020,True
PSO,rosenbrock,2,0.0,0.076934814453125,10020,True
PSO,rosenbrock,3,0.0,0.07708907127380371,10020,True
PSO,rosenbrock,4,0.0,0.07765913009643555,10020,True
PSO,rosenbrock,5,0.0,0.07726621627807617,10020,True
PSO,rosenbrock,6,0.0,0.07659506797790527,10020,True
PSO,rosenbrock,7,0.0,0.0766141414642334,10020,True
PSO,rosenbrock,8,0.0,0.07599997520446777,10020,True
PSO,rosenbrock,9,0.0,0.07609987258911133,10020,True
PSO,rosenbrock,10,0.0,0.0738978385925293,10020,True
PSO,rosenbrock,11,0.0,0.0735938549041748,10020,True
PSO,rosenbrock,12,0.0,0.07319307327270508,10020,True
PSO,rosenbrock,13,0.0,0.07455706596374512,10020,True
PSO,rosenbrock,14,0.0,0.075714111328125,10020,True
PSO,rosenbrock,15,0.0,0.07685518264770508,10020,True
PSO,rosenbrock,16,0.0,0.07685399055480957,10020,True
PSO,rosenbrock,17,0.0,0.07699394226074219,10020,True
PSO,rosenbrock,18,0.0,0.07466697692871094,10020,True
PSO,rosenbrock,19,0.0,0.07421207427978516,10020,True
PSO,rosenbrock,20,0.0,0.07419013977050781,10020,True
PSO,rosenbrock,21,0.0,0.07425713539123535,10020,True
PSO,rosenbrock,22,0.0,0.07494997978210449,10020,True
PSO,rosenbrock,23,0.0,0.07555699348449707,10020,True
PSO,rosenbrock,24,0.0,0.07560920715332031,10020,True
PSO,rosenbrock,25,0.0,0.07549691200256348,10020,True
PSO,rosenbrock,26,0.0,0.07514786720275879,10020,True
PSO,rosenbrock,27,0.0,0.0741262435913086,10020,True
PSO,rosenbrock,28,0.0,0.0749979019165039,10020,True
PSO,rosenbrock,29,0.0,0.07489776611328125,10020,True
SA,constrained_rosenbrock,0,0.046441269240270366,0.08579683303833008,10000,False
SA,constrained_rosenbrock,1,0.04604560387893796,0.08417010307312012,10000,False
SA,constrained_rosenbrock,2,0.04660921447682215,0.08489775657653809,10000,False
SA,constrained_rosenbrock,3,0.04592659599771621,0.08570098876953125,10000,False
SA,constrained_rosenbrock,4,0.04692879951896251,0.08681607246398926,10000,False
SA,constrained_rosenbrock,5,0.04603663411810574,0.08719730377197266,10000,False
SA,constrained_rosenbrock,6,0.04630600786259232,0.08713912963867188,10000,False
SA,constrained_rosenbrock,7,0.0463180527673854,0.08738207817077637,10000,False
SA,constrained_rosenbrock,8,0.04614277456479076,0.08747601509094238,10000,False
SA,constrained_rosenbrock,9,0.04577436115178366,0.08568000793457031,10000,False
SA,constrained_rosenbrock,10,0.04635387486085802,0.08729815483093262,10000,False
SA,constrained_rosenbrock,11,0.0460299702814317,0.08583879470825195,10000,False
SA,constrained_rosenbrock,12,0.04610254330884297,0.08395600318908691,10000,False
SA,constrained_rosenbrock,13,0.04577040511577803,0.08567404747009277,10000,False
SA,constrained_rosenbrock,14,0.0459068622884385,0.08526897430419922,10000,False
SA,constrained_rosenbrock,15,0.046104729419392566,0.08664298057556152,10000,False
SA,constrained_rosenbrock,16,0.04652968364914118,0.08545398712158203,10000,False
SA,constrained_rosenbrock,17,0.04586826154146417,0.08449602127075195,10000,False
SA,constrained_rosenbrock,18,0.04638285148627327,0.08428192138671875,10000,False
SA,constrained_rosenbrock,19,0.04580890201911581,0.08496999740600586,10000,False
SA,constrained_rosenbrock,20,0.04617067930544792,0.08538293838500977,10000,False
SA,constrained_rosenbrock,21,0.04580835952606148,0.08423709869384766,10000,False
SA,constrained_rosenbrock,22,0.04614630380321809,0.08623909950256348,10000,False
SA,constrained_rosenbrock,23,0.045756591420381396,0.08492803573608398,10000,False
SA,constrained_rosenbrock,24,0.04729409477568845,0.08420491218566895,10000,False
SA,constrained_rosenbrock,25,0.04641221290288768,0.08497500419616699,10000,False
SA,constrained_rosenbrock,26,0.04600917885070208,0.08418822288513184,10000,False
SA,constrained_rosenbrock,27,0.046804738101217706,0.08489298820495605,10000,False
SA,constrained_rosenbrock,28,0.04649177155473025,0.0869898796081543,10000,False
SA,constrained_rosenbrock,29,0.04614651737903826,0.08559703826904297,10000,False
PSO,constrained_rosenbrock,0,0.04567111883503291,0.10001730918884277,10020,False
PSO,constrained_rosenbrock,1,0.04567111883503291,0.1013650894165039,10020,False
PSO,constrained_rosenbrock,2,0.04567111883503291,0.10139083862304688,10020,False
PSO,constrained_rosenbrock,3,0.04567111883503291,0.09998726844787598,10020,False
PSO,constrained_rosenbrock,4,0.045671118835032914,0.09995889663696289,10020,False
PSO,constrained_rosenbrock,5,0.04567111883503291,0.09869790077209473,10020,False
PSO,constrained_rosenbrock,6,0.04567111883503291,0.09876489639282227,10020,False
PSO,constrained_rosenbrock,7,0.04567111883503291,0.09756088256835938,10020,False
PSO,constrained_rosenbrock,8,0.045671118835032914,0.09868383407592773,10020,False
PSO,constrained_rosenbrock,9,0.04567111883503291,0.10006022453308105,10020,False
PSO,constrained_rosenbrock,10,0.04567111883503291,0.09993505477905273,10020,False
PSO,constrained_rosenbrock,11,0.04567111883503291,0.10002493858337402,10020,False
PSO,constrained_rosenbrock,12,0.045671118835032914,0.09962892532348633,10020,False
PSO,constrained_rosenbrock,13,0.04567111883503291,0.09994864463806152,10020,False
PSO,constrained_rosenbrock,14,0.045671118835032914,0.10012984275817871,10020,False
PSO,constrained_rosenbrock,15,0.04567111883503291,0.10049915313720703,10020,False
PSO,constrained_rosenbrock,16,0.04567111883503291,0.09969115257263184,10020,False
PSO,constrained_rosenbrock,17,0.04567111883503291,0.1004648208618164,10020,False
PSO,constrained_rosenbrock,18,0.04567111883503291,0.09970307350158691,10020,False
PSO,constrained_rosenbrock,19,0.04567111883503291,0.09968209266662598,10020,False
PSO,constrained_rosenbrock,20,0.04567111883503291,0.09915781021118164,10020,False
PSO,constrained_rosenbrock,21,0.04567111883503291,0.10072088241577148,10020,False
PSO,constrained_rosenbrock,22,0.045671118835032914,0.10084390640258789,10020,False
PSO,constrained_rosenbrock,23,0.04567111883503291,0.10009908676147461,10020,False
PSO,constrained_rosenbrock,24,0.04567111883503291,0.10063314437866211,10020,False
PSO,constrained_rosenbrock,25,0.04567111883503291,0.10142302513122559,10020,False
PSO,constrained_rosenbrock,26,0.045671118835032914,0.10187005996704102,10020,False
PSO,constrained_rosenbrock,27,0.04567111883503291,0.10117721557617188,10020,False
PSO,constrained_rosenbrock,28,0.04567111883503291,0.10169601440429688,10020,False
PSO,constrained_rosenbrock,29,0.04567111883503291,0.10140800476074219,10020,False
